id,pincode,created_at,updated_at
2,1350,0000-00-00 00:00:00,0000-00-00 00:00:00
3,1209,0000-00-00 00:00:00,0000-00-00 00:00:00
4,1213,0000-00-00 00:00:00,0000-00-00 00:00:00
5,1212,0000-00-00 00:00:00,0000-00-00 00:00:00
6,1212,0000-00-00 00:00:00,0000-00-00 00:00:00
7,1236,0000-00-00 00:00:00,0000-00-00 00:00:00
8,1331,0000-00-00 00:00:00,0000-00-00 00:00:00
9,1332,0000-00-00 00:00:00,0000-00-00 00:00:00
10,1331,0000-00-00 00:00:00,0000-00-00 00:00:00
11,1312,0000-00-00 00:00:00,0000-00-00 00:00:00
12,1311,0000-00-00 00:00:00,0000-00-00 00:00:00
13,1313,0000-00-00 00:00:00,0000-00-00 00:00:00
14,1310,0000-00-00 00:00:00,0000-00-00 00:00:00
15,1219,0000-00-00 00:00:00,0000-00-00 00:00:00
16,1229,0000-00-00 00:00:00,0000-00-00 00:00:00
17,1211,0000-00-00 00:00:00,0000-00-00 00:00:00
18,1216,0000-00-00 00:00:00,0000-00-00 00:00:00
19,1207,0000-00-00 00:00:00,0000-00-00 00:00:00
20,1225,0000-00-00 00:00:00,0000-00-00 00:00:00
21,1222,0000-00-00 00:00:00,0000-00-00 00:00:00
22,1223,0000-00-00 00:00:00,0000-00-00 00:00:00
23,1323,0000-00-00 00:00:00,0000-00-00 00:00:00
24,1325,0000-00-00 00:00:00,0000-00-00 00:00:00
25,1322,0000-00-00 00:00:00,0000-00-00 00:00:00
26,1321,0000-00-00 00:00:00,0000-00-00 00:00:00
27,1324,0000-00-00 00:00:00,0000-00-00 00:00:00
28,1320,0000-00-00 00:00:00,0000-00-00 00:00:00
29,1205,0000-00-00 00:00:00,0000-00-00 00:00:00
30,1000,0000-00-00 00:00:00,0000-00-00 00:00:00
31,1217,0000-00-00 00:00:00,0000-00-00 00:00:00
32,1214,0000-00-00 00:00:00,0000-00-00 00:00:00
33,1348,0000-00-00 00:00:00,0000-00-00 00:00:00
34,1341,0000-00-00 00:00:00,0000-00-00 00:00:00
35,1349,0000-00-00 00:00:00,0000-00-00 00:00:00
36,1342,0000-00-00 00:00:00,0000-00-00 00:00:00
37,1346,0000-00-00 00:00:00,0000-00-00 00:00:00
38,1347,0000-00-00 00:00:00,0000-00-00 00:00:00
39,1340,0000-00-00 00:00:00,0000-00-00 00:00:00
40,1344,0000-00-00 00:00:00,0000-00-00 00:00:00
41,1343,0000-00-00 00:00:00,0000-00-00 00:00:00
42,1345,0000-00-00 00:00:00,0000-00-00 00:00:00
43,1100,0000-00-00 00:00:00,0000-00-00 00:00:00
44,1204,0000-00-00 00:00:00,0000-00-00 00:00:00
45,1203,0000-00-00 00:00:00,0000-00-00 00:00:00
46,1215,0000-00-00 00:00:00,0000-00-00 00:00:00
47,1208,0000-00-00 00:00:00,0000-00-00 00:00:00
48,1230,0000-00-00 00:00:00,0000-00-00 00:00:00
49,7870,0000-00-00 00:00:00,0000-00-00 00:00:00
50,7830,0000-00-00 00:00:00,0000-00-00 00:00:00
51,7860,0000-00-00 00:00:00,0000-00-00 00:00:00
52,7861,0000-00-00 00:00:00,0000-00-00 00:00:00
53,7810,0000-00-00 00:00:00,0000-00-00 00:00:00
54,7802,0000-00-00 00:00:00,0000-00-00 00:00:00
55,7803,0000-00-00 00:00:00,0000-00-00 00:00:00
56,7800,0000-00-00 00:00:00,0000-00-00 00:00:00
57,7801,0000-00-00 00:00:00,0000-00-00 00:00:00
58,7851,0000-00-00 00:00:00,0000-00-00 00:00:00
59,7850,0000-00-00 00:00:00,0000-00-00 00:00:00
60,7840,0000-00-00 00:00:00,0000-00-00 00:00:00
61,7841,0000-00-00 00:00:00,0000-00-00 00:00:00
62,7822,0000-00-00 00:00:00,0000-00-00 00:00:00
63,7821,0000-00-00 00:00:00,0000-00-00 00:00:00
64,7820,0000-00-00 00:00:00,0000-00-00 00:00:00
65,7804,0000-00-00 00:00:00,0000-00-00 00:00:00
66,1703,0000-00-00 00:00:00,0000-00-00 00:00:00
67,1701,0000-00-00 00:00:00,0000-00-00 00:00:00
68,1702,0000-00-00 00:00:00,0000-00-00 00:00:00
69,1700,0000-00-00 00:00:00,0000-00-00 00:00:00
70,1704,0000-00-00 00:00:00,0000-00-00 00:00:00
71,1750,0000-00-00 00:00:00,0000-00-00 00:00:00
72,1751,0000-00-00 00:00:00,0000-00-00 00:00:00
73,1720,0000-00-00 00:00:00,0000-00-00 00:00:00
74,1721,0000-00-00 00:00:00,0000-00-00 00:00:00
75,1722,0000-00-00 00:00:00,0000-00-00 00:00:00
76,1723,0000-00-00 00:00:00,0000-00-00 00:00:00
77,1730,0000-00-00 00:00:00,0000-00-00 00:00:00
78,1712,0000-00-00 00:00:00,0000-00-00 00:00:00
79,1710,0000-00-00 00:00:00,0000-00-00 00:00:00
80,1711,0000-00-00 00:00:00,0000-00-00 00:00:00
81,1743,0000-00-00 00:00:00,0000-00-00 00:00:00
82,1747,0000-00-00 00:00:00,0000-00-00 00:00:00
83,1748,0000-00-00 00:00:00,0000-00-00 00:00:00
84,1745,0000-00-00 00:00:00,0000-00-00 00:00:00
85,1744,0000-00-00 00:00:00,0000-00-00 00:00:00
86,1740,0000-00-00 00:00:00,0000-00-00 00:00:00
87,1740,0000-00-00 00:00:00,0000-00-00 00:00:00
88,1740,0000-00-00 00:00:00,0000-00-00 00:00:00
89,1741,0000-00-00 00:00:00,0000-00-00 00:00:00
90,1742,0000-00-00 00:00:00,0000-00-00 00:00:00
91,8102,0000-00-00 00:00:00,0000-00-00 00:00:00
92,8013,0000-00-00 00:00:00,0000-00-00 00:00:00
93,8100,0000-00-00 00:00:00,0000-00-00 00:00:00
94,8101,0000-00-00 00:00:00,0000-00-00 00:00:00
95,8133,0000-00-00 00:00:00,0000-00-00 00:00:00
96,8130,0000-00-00 00:00:00,0000-00-00 00:00:00
97,8131,0000-00-00 00:00:00,0000-00-00 00:00:00
98,8132,0000-00-00 00:00:00,0000-00-00 00:00:00
99,8110,0000-00-00 00:00:00,0000-00-00 00:00:00
100,8141,0000-00-00 00:00:00,0000-00-00 00:00:00
101,8142,0000-00-00 00:00:00,0000-00-00 00:00:00
102,8140,0000-00-00 00:00:00,0000-00-00 00:00:00
103,8121,0000-00-00 00:00:00,0000-00-00 00:00:00
104,8120,0000-00-00 00:00:00,0000-00-00 00:00:00
105,2336,0000-00-00 00:00:00,0000-00-00 00:00:00
106,2338,0000-00-00 00:00:00,0000-00-00 00:00:00
107,2337,0000-00-00 00:00:00,0000-00-00 00:00:00
108,2350,0000-00-00 00:00:00,0000-00-00 00:00:00
109,2320,0000-00-00 00:00:00,0000-00-00 00:00:00
110,2390,0000-00-00 00:00:00,0000-00-00 00:00:00
111,2310,0000-00-00 00:00:00,0000-00-00 00:00:00
112,2331,0000-00-00 00:00:00,0000-00-00 00:00:00
113,2330,0000-00-00 00:00:00,0000-00-00 00:00:00
114,2301,0000-00-00 00:00:00,0000-00-00 00:00:00
115,2300,0000-00-00 00:00:00,0000-00-00 00:00:00
116,2302,0000-00-00 00:00:00,0000-00-00 00:00:00
117,2303,0000-00-00 00:00:00,0000-00-00 00:00:00
118,2341,0000-00-00 00:00:00,0000-00-00 00:00:00
119,2340,0000-00-00 00:00:00,0000-00-00 00:00:00
120,2371,0000-00-00 00:00:00,0000-00-00 00:00:00
121,2370,0000-00-00 00:00:00,0000-00-00 00:00:00
122,2360,0000-00-00 00:00:00,0000-00-00 00:00:00
123,2380,0000-00-00 00:00:00,0000-00-00 00:00:00
124,2326,0000-00-00 00:00:00,0000-00-00 00:00:00
125,2316,0000-00-00 00:00:00,0000-00-00 00:00:00
126,7932,0000-00-00 00:00:00,0000-00-00 00:00:00
127,7930,0000-00-00 00:00:00,0000-00-00 00:00:00
128,7931,0000-00-00 00:00:00,0000-00-00 00:00:00
129,7933,0000-00-00 00:00:00,0000-00-00 00:00:00
130,7920,0000-00-00 00:00:00,0000-00-00 00:00:00
131,7921,0000-00-00 00:00:00,0000-00-00 00:00:00
132,7901,0000-00-00 00:00:00,0000-00-00 00:00:00
133,7903,0000-00-00 00:00:00,0000-00-00 00:00:00
134,7902,0000-00-00 00:00:00,0000-00-00 00:00:00
135,7900,0000-00-00 00:00:00,0000-00-00 00:00:00
136,7904,0000-00-00 00:00:00,0000-00-00 00:00:00
137,7911,0000-00-00 00:00:00,0000-00-00 00:00:00
138,7910,0000-00-00 00:00:00,0000-00-00 00:00:00
139,1860,0000-00-00 00:00:00,0000-00-00 00:00:00
140,1840,0000-00-00 00:00:00,0000-00-00 00:00:00
141,1831,0000-00-00 00:00:00,0000-00-00 00:00:00
142,1830,0000-00-00 00:00:00,0000-00-00 00:00:00
143,1804,0000-00-00 00:00:00,0000-00-00 00:00:00
144,1802,0000-00-00 00:00:00,0000-00-00 00:00:00
145,1803,0000-00-00 00:00:00,0000-00-00 00:00:00
146,1801,0000-00-00 00:00:00,0000-00-00 00:00:00
147,1800,0000-00-00 00:00:00,0000-00-00 00:00:00
148,1811,0000-00-00 00:00:00,0000-00-00 00:00:00
149,1810,0000-00-00 00:00:00,0000-00-00 00:00:00
150,1851,0000-00-00 00:00:00,0000-00-00 00:00:00
151,1850,0000-00-00 00:00:00,0000-00-00 00:00:00
152,1852,0000-00-00 00:00:00,0000-00-00 00:00:00
153,1853,0000-00-00 00:00:00,0000-00-00 00:00:00
154,1821,0000-00-00 00:00:00,0000-00-00 00:00:00
155,1822,0000-00-00 00:00:00,0000-00-00 00:00:00
156,1820,0000-00-00 00:00:00,0000-00-00 00:00:00
157,1510,0000-00-00 00:00:00,0000-00-00 00:00:00
158,1511,0000-00-00 00:00:00,0000-00-00 00:00:00
159,1512,0000-00-00 00:00:00,0000-00-00 00:00:00
160,1334,0000-00-00 00:00:00,0000-00-00 00:00:00
161,1534,0000-00-00 00:00:00,0000-00-00 00:00:00
162,1532,0000-00-00 00:00:00,0000-00-00 00:00:00
163,1333,0000-00-00 00:00:00,0000-00-00 00:00:00
164,1533,0000-00-00 00:00:00,0000-00-00 00:00:00
165,1531,0000-00-00 00:00:00,0000-00-00 00:00:00
166,1530,0000-00-00 00:00:00,0000-00-00 00:00:00
167,1335,0000-00-00 00:00:00,0000-00-00 00:00:00
168,1535,0000-00-00 00:00:00,0000-00-00 00:00:00
169,1503,0000-00-00 00:00:00,0000-00-00 00:00:00
170,1502,0000-00-00 00:00:00,0000-00-00 00:00:00
171,1500,0000-00-00 00:00:00,0000-00-00 00:00:00
172,1501,0000-00-00 00:00:00,0000-00-00 00:00:00
173,1542,0000-00-00 00:00:00,0000-00-00 00:00:00
174,1541,0000-00-00 00:00:00,0000-00-00 00:00:00
175,1543,0000-00-00 00:00:00,0000-00-00 00:00:00
176,1544,0000-00-00 00:00:00,0000-00-00 00:00:00
177,1540,0000-00-00 00:00:00,0000-00-00 00:00:00
178,1557,0000-00-00 00:00:00,0000-00-00 00:00:00
179,1551,0000-00-00 00:00:00,0000-00-00 00:00:00
180,1558,0000-00-00 00:00:00,0000-00-00 00:00:00
181,1553,0000-00-00 00:00:00,0000-00-00 00:00:00
182,1554,0000-00-00 00:00:00,0000-00-00 00:00:00
183,1555,0000-00-00 00:00:00,0000-00-00 00:00:00
184,1552,0000-00-00 00:00:00,0000-00-00 00:00:00
185,1550,0000-00-00 00:00:00,0000-00-00 00:00:00
186,1556,0000-00-00 00:00:00,0000-00-00 00:00:00
187,1523,0000-00-00 00:00:00,0000-00-00 00:00:00
188,1522,0000-00-00 00:00:00,0000-00-00 00:00:00
189,1521,0000-00-00 00:00:00,0000-00-00 00:00:00
190,1525,0000-00-00 00:00:00,0000-00-00 00:00:00
191,1524,0000-00-00 00:00:00,0000-00-00 00:00:00
192,1527,0000-00-00 00:00:00,0000-00-00 00:00:00
193,1526,0000-00-00 00:00:00,0000-00-00 00:00:00
194,1520,0000-00-00 00:00:00,0000-00-00 00:00:00
195,1450,0000-00-00 00:00:00,0000-00-00 00:00:00
196,1460,0000-00-00 00:00:00,0000-00-00 00:00:00
197,1451,0000-00-00 00:00:00,0000-00-00 00:00:00
198,1440,0000-00-00 00:00:00,0000-00-00 00:00:00
199,1441,0000-00-00 00:00:00,0000-00-00 00:00:00
200,1442,0000-00-00 00:00:00,0000-00-00 00:00:00
201,1410,0000-00-00 00:00:00,0000-00-00 00:00:00
202,1413,0000-00-00 00:00:00,0000-00-00 00:00:00
203,1411,0000-00-00 00:00:00,0000-00-00 00:00:00
204,1414,0000-00-00 00:00:00,0000-00-00 00:00:00
205,1412,0000-00-00 00:00:00,0000-00-00 00:00:00
206,1421,0000-00-00 00:00:00,0000-00-00 00:00:00
207,1420,0000-00-00 00:00:00,0000-00-00 00:00:00
208,1400,0000-00-00 00:00:00,0000-00-00 00:00:00
209,1462,0000-00-00 00:00:00,0000-00-00 00:00:00
210,1461,0000-00-00 00:00:00,0000-00-00 00:00:00
211,1464,0000-00-00 00:00:00,0000-00-00 00:00:00
212,1463,0000-00-00 00:00:00,0000-00-00 00:00:00
213,1460,0000-00-00 00:00:00,0000-00-00 00:00:00
214,1431,0000-00-00 00:00:00,0000-00-00 00:00:00
215,1432,0000-00-00 00:00:00,0000-00-00 00:00:00
216,1430,0000-00-00 00:00:00,0000-00-00 00:00:00
217,1640,0000-00-00 00:00:00,0000-00-00 00:00:00
218,1651,0000-00-00 00:00:00,0000-00-00 00:00:00
219,1652,0000-00-00 00:00:00,0000-00-00 00:00:00
220,1650,0000-00-00 00:00:00,0000-00-00 00:00:00
221,1605,0000-00-00 00:00:00,0000-00-00 00:00:00
222,1604,0000-00-00 00:00:00,0000-00-00 00:00:00
223,1602,0000-00-00 00:00:00,0000-00-00 00:00:00
224,1600,0000-00-00 00:00:00,0000-00-00 00:00:00
225,1603,0000-00-00 00:00:00,0000-00-00 00:00:00
226,1601,0000-00-00 00:00:00,0000-00-00 00:00:00
227,1612,0000-00-00 00:00:00,0000-00-00 00:00:00
228,1613,0000-00-00 00:00:00,0000-00-00 00:00:00
229,1611,0000-00-00 00:00:00,0000-00-00 00:00:00
230,1610,0000-00-00 00:00:00,0000-00-00 00:00:00
231,1631,0000-00-00 00:00:00,0000-00-00 00:00:00
232,1632,0000-00-00 00:00:00,0000-00-00 00:00:00
233,1630,0000-00-00 00:00:00,0000-00-00 00:00:00
234,1620,0000-00-00 00:00:00,0000-00-00 00:00:00
235,7730,0000-00-00 00:00:00,0000-00-00 00:00:00
236,7731,0000-00-00 00:00:00,0000-00-00 00:00:00
237,7723,0000-00-00 00:00:00,0000-00-00 00:00:00
238,7720,0000-00-00 00:00:00,0000-00-00 00:00:00
239,7721,0000-00-00 00:00:00,0000-00-00 00:00:00
240,7722,0000-00-00 00:00:00,0000-00-00 00:00:00
241,7710,0000-00-00 00:00:00,0000-00-00 00:00:00
242,7711,0000-00-00 00:00:00,0000-00-00 00:00:00
243,7700,0000-00-00 00:00:00,0000-00-00 00:00:00
244,8030,0000-00-00 00:00:00,0000-00-00 00:00:00
245,8040,0000-00-00 00:00:00,0000-00-00 00:00:00
246,8050,0000-00-00 00:00:00,0000-00-00 00:00:00
247,8010,0000-00-00 00:00:00,0000-00-00 00:00:00
248,8021,0000-00-00 00:00:00,0000-00-00 00:00:00
249,8022,0000-00-00 00:00:00,0000-00-00 00:00:00
250,8024,0000-00-00 00:00:00,0000-00-00 00:00:00
251,8020,0000-00-00 00:00:00,0000-00-00 00:00:00
252,8023,0000-00-00 00:00:00,0000-00-00 00:00:00
253,8001,0000-00-00 00:00:00,0000-00-00 00:00:00
254,8002,0000-00-00 00:00:00,0000-00-00 00:00:00
255,8000,0000-00-00 00:00:00,0000-00-00 00:00:00
256,1920,0000-00-00 00:00:00,0000-00-00 00:00:00
257,1960,0000-00-00 00:00:00,0000-00-00 00:00:00
258,1910,0000-00-00 00:00:00,0000-00-00 00:00:00
259,1913,0000-00-00 00:00:00,0000-00-00 00:00:00
260,1914,0000-00-00 00:00:00,0000-00-00 00:00:00
261,1911,0000-00-00 00:00:00,0000-00-00 00:00:00
262,1915,0000-00-00 00:00:00,0000-00-00 00:00:00
263,1912,0000-00-00 00:00:00,0000-00-00 00:00:00
264,1982,0000-00-00 00:00:00,0000-00-00 00:00:00
265,1983,0000-00-00 00:00:00,0000-00-00 00:00:00
266,1980,0000-00-00 00:00:00,0000-00-00 00:00:00
267,1984,0000-00-00 00:00:00,0000-00-00 00:00:00
268,1981,0000-00-00 00:00:00,0000-00-00 00:00:00
269,1990,0000-00-00 00:00:00,0000-00-00 00:00:00
270,1992,0000-00-00 00:00:00,0000-00-00 00:00:00
271,1991,0000-00-00 00:00:00,0000-00-00 00:00:00
272,1991,0000-00-00 00:00:00,0000-00-00 00:00:00
273,1973,0000-00-00 00:00:00,0000-00-00 00:00:00
274,1974,0000-00-00 00:00:00,0000-00-00 00:00:00
275,1970,0000-00-00 00:00:00,0000-00-00 00:00:00
276,1977,0000-00-00 00:00:00,0000-00-00 00:00:00
277,1976,0000-00-00 00:00:00,0000-00-00 00:00:00
278,1972,0000-00-00 00:00:00,0000-00-00 00:00:00
279,1975,0000-00-00 00:00:00,0000-00-00 00:00:00
280,1971,0000-00-00 00:00:00,0000-00-00 00:00:00
281,1930,0000-00-00 00:00:00,0000-00-00 00:00:00
282,1997,0000-00-00 00:00:00,0000-00-00 00:00:00
283,1996,0000-00-00 00:00:00,0000-00-00 00:00:00
284,1941,0000-00-00 00:00:00,0000-00-00 00:00:00
285,1944,0000-00-00 00:00:00,0000-00-00 00:00:00
286,1942,0000-00-00 00:00:00,0000-00-00 00:00:00
287,1940,0000-00-00 00:00:00,0000-00-00 00:00:00
288,1945,0000-00-00 00:00:00,0000-00-00 00:00:00
289,1943,0000-00-00 00:00:00,0000-00-00 00:00:00
290,1937,0000-00-00 00:00:00,0000-00-00 00:00:00
291,1936,0000-00-00 00:00:00,0000-00-00 00:00:00
292,1938,0000-00-00 00:00:00,0000-00-00 00:00:00
293,1951,0000-00-00 00:00:00,0000-00-00 00:00:00
294,1950,0000-00-00 00:00:00,0000-00-00 00:00:00
295,1901,0000-00-00 00:00:00,0000-00-00 00:00:00
296,1903,0000-00-00 00:00:00,0000-00-00 00:00:00
297,1904,0000-00-00 00:00:00,0000-00-00 00:00:00
298,1902,0000-00-00 00:00:00,0000-00-00 00:00:00
299,1900,0000-00-00 00:00:00,0000-00-00 00:00:00
300,2140,0000-00-00 00:00:00,0000-00-00 00:00:00
301,2030,0000-00-00 00:00:00,0000-00-00 00:00:00
302,2032,0000-00-00 00:00:00,0000-00-00 00:00:00
303,2021,0000-00-00 00:00:00,0000-00-00 00:00:00
304,2022,0000-00-00 00:00:00,0000-00-00 00:00:00
305,2020,0000-00-00 00:00:00,0000-00-00 00:00:00
306,2000,0000-00-00 00:00:00,0000-00-00 00:00:00
307,2001,0000-00-00 00:00:00,0000-00-00 00:00:00
308,2002,0000-00-00 00:00:00,0000-00-00 00:00:00
309,2011,0000-00-00 00:00:00,0000-00-00 00:00:00
310,2013,0000-00-00 00:00:00,0000-00-00 00:00:00
311,2012,0000-00-00 00:00:00,0000-00-00 00:00:00
312,2010,0000-00-00 00:00:00,0000-00-00 00:00:00
313,2041,0000-00-00 00:00:00,0000-00-00 00:00:00
314,2040,0000-00-00 00:00:00,0000-00-00 00:00:00
315,2052,0000-00-00 00:00:00,0000-00-00 00:00:00
316,2051,0000-00-00 00:00:00,0000-00-00 00:00:00
317,2053,0000-00-00 00:00:00,0000-00-00 00:00:00
318,2055,0000-00-00 00:00:00,0000-00-00 00:00:00
319,2054,0000-00-00 00:00:00,0000-00-00 00:00:00
320,2050,0000-00-00 00:00:00,0000-00-00 00:00:00
321,2240,0000-00-00 00:00:00,0000-00-00 00:00:00
322,2216,0000-00-00 00:00:00,0000-00-00 00:00:00
323,2234,0000-00-00 00:00:00,0000-00-00 00:00:00
324,2230,0000-00-00 00:00:00,0000-00-00 00:00:00
325,2233,0000-00-00 00:00:00,0000-00-00 00:00:00
326,2231,0000-00-00 00:00:00,0000-00-00 00:00:00
327,2232,0000-00-00 00:00:00,0000-00-00 00:00:00
328,2270,0000-00-00 00:00:00,0000-00-00 00:00:00
329,2271,0000-00-00 00:00:00,0000-00-00 00:00:00
330,2261,0000-00-00 00:00:00,0000-00-00 00:00:00
331,2260,0000-00-00 00:00:00,0000-00-00 00:00:00
332,2262,0000-00-00 00:00:00,0000-00-00 00:00:00
333,2282,0000-00-00 00:00:00,0000-00-00 00:00:00
334,2280,0000-00-00 00:00:00,0000-00-00 00:00:00
335,2281,0000-00-00 00:00:00,0000-00-00 00:00:00
336,2210,0000-00-00 00:00:00,0000-00-00 00:00:00
337,2202,0000-00-00 00:00:00,0000-00-00 00:00:00
338,2204,0000-00-00 00:00:00,0000-00-00 00:00:00
339,2201,0000-00-00 00:00:00,0000-00-00 00:00:00
340,2200,0000-00-00 00:00:00,0000-00-00 00:00:00
341,2205,0000-00-00 00:00:00,0000-00-00 00:00:00
342,2203,0000-00-00 00:00:00,0000-00-00 00:00:00
343,2291,0000-00-00 00:00:00,0000-00-00 00:00:00
344,2290,0000-00-00 00:00:00,0000-00-00 00:00:00
345,2251,0000-00-00 00:00:00,0000-00-00 00:00:00
346,2250,0000-00-00 00:00:00,0000-00-00 00:00:00
347,2252,0000-00-00 00:00:00,0000-00-00 00:00:00
348,2221,0000-00-00 00:00:00,0000-00-00 00:00:00
349,2223,0000-00-00 00:00:00,0000-00-00 00:00:00
350,2222,0000-00-00 00:00:00,0000-00-00 00:00:00
351,2220,0000-00-00 00:00:00,0000-00-00 00:00:00
352,2420,0000-00-00 00:00:00,0000-00-00 00:00:00
353,2470,0000-00-00 00:00:00,0000-00-00 00:00:00
354,2440,0000-00-00 00:00:00,0000-00-00 00:00:00
355,2450,0000-00-00 00:00:00,0000-00-00 00:00:00
356,2416,0000-00-00 00:00:00,0000-00-00 00:00:00
357,2417,0000-00-00 00:00:00,0000-00-00 00:00:00
358,2430,0000-00-00 00:00:00,0000-00-00 00:00:00
359,2480,0000-00-00 00:00:00,0000-00-00 00:00:00
360,2460,0000-00-00 00:00:00,0000-00-00 00:00:00
361,2462,0000-00-00 00:00:00,0000-00-00 00:00:00
362,2490,0000-00-00 00:00:00,0000-00-00 00:00:00
363,2456,0000-00-00 00:00:00,0000-00-00 00:00:00
364,2446,0000-00-00 00:00:00,0000-00-00 00:00:00
365,2401,0000-00-00 00:00:00,0000-00-00 00:00:00
366,2400,0000-00-00 00:00:00,0000-00-00 00:00:00
367,2412,0000-00-00 00:00:00,0000-00-00 00:00:00
368,2410,0000-00-00 00:00:00,0000-00-00 00:00:00
369,2411,0000-00-00 00:00:00,0000-00-00 00:00:00
370,2140,0000-00-00 00:00:00,0000-00-00 00:00:00
371,2120,0000-00-00 00:00:00,0000-00-00 00:00:00
372,2151,0000-00-00 00:00:00,0000-00-00 00:00:00
373,2150,0000-00-00 00:00:00,0000-00-00 00:00:00
374,2111,0000-00-00 00:00:00,0000-00-00 00:00:00
375,2110,0000-00-00 00:00:00,0000-00-00 00:00:00
376,2100,0000-00-00 00:00:00,0000-00-00 00:00:00
377,2130,0000-00-00 00:00:00,0000-00-00 00:00:00
378,3360,0000-00-00 00:00:00,0000-00-00 00:00:00
379,3310,0000-00-00 00:00:00,0000-00-00 00:00:00
380,3350,0000-00-00 00:00:00,0000-00-00 00:00:00
381,3351,0000-00-00 00:00:00,0000-00-00 00:00:00
382,3352,0000-00-00 00:00:00,0000-00-00 00:00:00
383,3321,0000-00-00 00:00:00,0000-00-00 00:00:00
384,3320,0000-00-00 00:00:00,0000-00-00 00:00:00
385,3322,0000-00-00 00:00:00,0000-00-00 00:00:00
386,3302,0000-00-00 00:00:00,0000-00-00 00:00:00
387,3300,0000-00-00 00:00:00,0000-00-00 00:00:00
388,3301,0000-00-00 00:00:00,0000-00-00 00:00:00
389,3340,0000-00-00 00:00:00,0000-00-00 00:00:00
390,3341,0000-00-00 00:00:00,0000-00-00 00:00:00
391,3331,0000-00-00 00:00:00,0000-00-00 00:00:00
392,3330,0000-00-00 00:00:00,0000-00-00 00:00:00
393,3333,0000-00-00 00:00:00,0000-00-00 00:00:00
394,3332,0000-00-00 00:00:00,0000-00-00 00:00:00
395,3373,0000-00-00 00:00:00,0000-00-00 00:00:00
396,3372,0000-00-00 00:00:00,0000-00-00 00:00:00
397,3371,0000-00-00 00:00:00,0000-00-00 00:00:00
398,3374,0000-00-00 00:00:00,0000-00-00 00:00:00
399,3370,0000-00-00 00:00:00,0000-00-00 00:00:00
400,3250,0000-00-00 00:00:00,0000-00-00 00:00:00
401,3252,0000-00-00 00:00:00,0000-00-00 00:00:00
402,3251,0000-00-00 00:00:00,0000-00-00 00:00:00
403,3253,0000-00-00 00:00:00,0000-00-00 00:00:00
404,3220,0000-00-00 00:00:00,0000-00-00 00:00:00
405,3221,0000-00-00 00:00:00,0000-00-00 00:00:00
406,3224,0000-00-00 00:00:00,0000-00-00 00:00:00
407,3222,0000-00-00 00:00:00,0000-00-00 00:00:00
408,3223,0000-00-00 00:00:00,0000-00-00 00:00:00
409,3237,0000-00-00 00:00:00,0000-00-00 00:00:00
410,3234,0000-00-00 00:00:00,0000-00-00 00:00:00
411,3235,0000-00-00 00:00:00,0000-00-00 00:00:00
412,3230,0000-00-00 00:00:00,0000-00-00 00:00:00
413,3232,0000-00-00 00:00:00,0000-00-00 00:00:00
414,3233,0000-00-00 00:00:00,0000-00-00 00:00:00
415,3231,0000-00-00 00:00:00,0000-00-00 00:00:00
416,3203,0000-00-00 00:00:00,0000-00-00 00:00:00
417,3201,0000-00-00 00:00:00,0000-00-00 00:00:00
418,3202,0000-00-00 00:00:00,0000-00-00 00:00:00
419,3200,0000-00-00 00:00:00,0000-00-00 00:00:00
420,3240,0000-00-00 00:00:00,0000-00-00 00:00:00
421,3212,0000-00-00 00:00:00,0000-00-00 00:00:00
422,3213,0000-00-00 00:00:00,0000-00-00 00:00:00
423,3211,0000-00-00 00:00:00,0000-00-00 00:00:00
424,3214,0000-00-00 00:00:00,0000-00-00 00:00:00
425,3210,0000-00-00 00:00:00,0000-00-00 00:00:00
426,3010,0000-00-00 00:00:00,0000-00-00 00:00:00
427,3080,0000-00-00 00:00:00,0000-00-00 00:00:00
428,3081,0000-00-00 00:00:00,0000-00-00 00:00:00
429,3082,0000-00-00 00:00:00,0000-00-00 00:00:00
430,3893,0000-00-00 00:00:00,0000-00-00 00:00:00
431,3083,0000-00-00 00:00:00,0000-00-00 00:00:00
432,3084,0000-00-00 00:00:00,0000-00-00 00:00:00
433,3088,0000-00-00 00:00:00,0000-00-00 00:00:00
434,3087,0000-00-00 00:00:00,0000-00-00 00:00:00
435,3085,0000-00-00 00:00:00,0000-00-00 00:00:00
436,3086,0000-00-00 00:00:00,0000-00-00 00:00:00
437,3040,0000-00-00 00:00:00,0000-00-00 00:00:00
438,3041,0000-00-00 00:00:00,0000-00-00 00:00:00
439,3070,0000-00-00 00:00:00,0000-00-00 00:00:00
440,3050,0000-00-00 00:00:00,0000-00-00 00:00:00
441,3062,0000-00-00 00:00:00,0000-00-00 00:00:00
442,3063,0000-00-00 00:00:00,0000-00-00 00:00:00
443,3060,0000-00-00 00:00:00,0000-00-00 00:00:00
444,3064,0000-00-00 00:00:00,0000-00-00 00:00:00
445,3065,0000-00-00 00:00:00,0000-00-00 00:00:00
446,3061,0000-00-00 00:00:00,0000-00-00 00:00:00
447,3127,0000-00-00 00:00:00,0000-00-00 00:00:00
448,3020,0000-00-00 00:00:00,0000-00-00 00:00:00
449,3001,0000-00-00 00:00:00,0000-00-00 00:00:00
450,3002,0000-00-00 00:00:00,0000-00-00 00:00:00
451,3000,0000-00-00 00:00:00,0000-00-00 00:00:00
452,3030,0000-00-00 00:00:00,0000-00-00 00:00:00
453,3120,0000-00-00 00:00:00,0000-00-00 00:00:00
454,3125,0000-00-00 00:00:00,0000-00-00 00:00:00
455,3122,0000-00-00 00:00:00,0000-00-00 00:00:00
456,3128,0000-00-00 00:00:00,0000-00-00 00:00:00
457,3124,0000-00-00 00:00:00,0000-00-00 00:00:00
458,3121,0000-00-00 00:00:00,0000-00-00 00:00:00
459,3127,0000-00-00 00:00:00,0000-00-00 00:00:00
460,3129,0000-00-00 00:00:00,0000-00-00 00:00:00
461,3126,0000-00-00 00:00:00,0000-00-00 00:00:00
462,3123,0000-00-00 00:00:00,0000-00-00 00:00:00
463,3170,0000-00-00 00:00:00,0000-00-00 00:00:00
464,3175,0000-00-00 00:00:00,0000-00-00 00:00:00
465,3171,0000-00-00 00:00:00,0000-00-00 00:00:00
466,3173,0000-00-00 00:00:00,0000-00-00 00:00:00
467,3172,0000-00-00 00:00:00,0000-00-00 00:00:00
468,3174,0000-00-00 00:00:00,0000-00-00 00:00:00
469,3130,0000-00-00 00:00:00,0000-00-00 00:00:00
470,3131,0000-00-00 00:00:00,0000-00-00 00:00:00
471,3133,0000-00-00 00:00:00,0000-00-00 00:00:00
472,3132,0000-00-00 00:00:00,0000-00-00 00:00:00
473,3134,0000-00-00 00:00:00,0000-00-00 00:00:00
474,3116,0000-00-00 00:00:00,0000-00-00 00:00:00
475,3117,0000-00-00 00:00:00,0000-00-00 00:00:00
476,3152,0000-00-00 00:00:00,0000-00-00 00:00:00
477,3150,0000-00-00 00:00:00,0000-00-00 00:00:00
478,3151,0000-00-00 00:00:00,0000-00-00 00:00:00
479,3164,0000-00-00 00:00:00,0000-00-00 00:00:00
480,3165,0000-00-00 00:00:00,0000-00-00 00:00:00
481,3162,0000-00-00 00:00:00,0000-00-00 00:00:00
482,3161,0000-00-00 00:00:00,0000-00-00 00:00:00
483,3160,0000-00-00 00:00:00,0000-00-00 00:00:00
484,3163,0000-00-00 00:00:00,0000-00-00 00:00:00
485,3156,0000-00-00 00:00:00,0000-00-00 00:00:00
486,3191,0000-00-00 00:00:00,0000-00-00 00:00:00
487,3190,0000-00-00 00:00:00,0000-00-00 00:00:00
488,3181,0000-00-00 00:00:00,0000-00-00 00:00:00
489,3183,0000-00-00 00:00:00,0000-00-00 00:00:00
490,3180,0000-00-00 00:00:00,0000-00-00 00:00:00
491,3182,0000-00-00 00:00:00,0000-00-00 00:00:00
492,3140,0000-00-00 00:00:00,0000-00-00 00:00:00
493,3106,0000-00-00 00:00:00,0000-00-00 00:00:00
494,3107,0000-00-00 00:00:00,0000-00-00 00:00:00
495,3104,0000-00-00 00:00:00,0000-00-00 00:00:00
496,3111,0000-00-00 00:00:00,0000-00-00 00:00:00
497,3112,0000-00-00 00:00:00,0000-00-00 00:00:00
498,3103,0000-00-00 00:00:00,0000-00-00 00:00:00
499,3113,0000-00-00 00:00:00,0000-00-00 00:00:00
500,3108,0000-00-00 00:00:00,0000-00-00 00:00:00
501,3109,0000-00-00 00:00:00,0000-00-00 00:00:00
502,3114,0000-00-00 00:00:00,0000-00-00 00:00:00
503,3105,0000-00-00 00:00:00,0000-00-00 00:00:00
504,3100,0000-00-00 00:00:00,0000-00-00 00:00:00
505,3102,0000-00-00 00:00:00,0000-00-00 00:00:00
506,3101,0000-00-00 00:00:00,0000-00-00 00:00:00
507,3937,0000-00-00 00:00:00,0000-00-00 00:00:00
508,4650,0000-00-00 00:00:00,0000-00-00 00:00:00
509,,0000-00-00 00:00:00,0000-00-00 00:00:00
510,4660,0000-00-00 00:00:00,0000-00-00 00:00:00
511,4610,0000-00-00 00:00:00,0000-00-00 00:00:00
512,4620,0000-00-00 00:00:00,0000-00-00 00:00:00
513,4641,0000-00-00 00:00:00,0000-00-00 00:00:00
514,4630,0000-00-00 00:00:00,0000-00-00 00:00:00
515,3450,0000-00-00 00:00:00,0000-00-00 00:00:00
516,3451,0000-00-00 00:00:00,0000-00-00 00:00:00
517,3452,0000-00-00 00:00:00,0000-00-00 00:00:00
518,3420,0000-00-00 00:00:00,0000-00-00 00:00:00
519,3402,0000-00-00 00:00:00,0000-00-00 00:00:00
520,3403,0000-00-00 00:00:00,0000-00-00 00:00:00
521,3400,0000-00-00 00:00:00,0000-00-00 00:00:00
522,3404,0000-00-00 00:00:00,0000-00-00 00:00:00
523,3401,0000-00-00 00:00:00,0000-00-00 00:00:00
524,3462,0000-00-00 00:00:00,0000-00-00 00:00:00
525,3463,0000-00-00 00:00:00,0000-00-00 00:00:00
526,3464,0000-00-00 00:00:00,0000-00-00 00:00:00
527,3460,0000-00-00 00:00:00,0000-00-00 00:00:00
528,3461,0000-00-00 00:00:00,0000-00-00 00:00:00
529,3419,0000-00-00 00:00:00,0000-00-00 00:00:00
530,3417,0000-00-00 00:00:00,0000-00-00 00:00:00
531,3411,0000-00-00 00:00:00,0000-00-00 00:00:00
532,3410,0000-00-00 00:00:00,0000-00-00 00:00:00
533,3412,0000-00-00 00:00:00,0000-00-00 00:00:00
534,3414,0000-00-00 00:00:00,0000-00-00 00:00:00
535,3418,0000-00-00 00:00:00,0000-00-00 00:00:00
536,3415,0000-00-00 00:00:00,0000-00-00 00:00:00
537,3413,0000-00-00 00:00:00,0000-00-00 00:00:00
538,3441,0000-00-00 00:00:00,0000-00-00 00:00:00
539,3440,0000-00-00 00:00:00,0000-00-00 00:00:00
540,3432,0000-00-00 00:00:00,0000-00-00 00:00:00
541,3430,0000-00-00 00:00:00,0000-00-00 00:00:00
542,3431,0000-00-00 00:00:00,0000-00-00 00:00:00
543,3602,0000-00-00 00:00:00,0000-00-00 00:00:00
544,3600,0000-00-00 00:00:00,0000-00-00 00:00:00
545,3601,0000-00-00 00:00:00,0000-00-00 00:00:00
546,3603,0000-00-00 00:00:00,0000-00-00 00:00:00
547,3651,0000-00-00 00:00:00,0000-00-00 00:00:00
548,3650,0000-00-00 00:00:00,0000-00-00 00:00:00
549,3653,0000-00-00 00:00:00,0000-00-00 00:00:00
550,3655,0000-00-00 00:00:00,0000-00-00 00:00:00
551,3654,0000-00-00 00:00:00,0000-00-00 00:00:00
552,3652,0000-00-00 00:00:00,0000-00-00 00:00:00
553,3611,0000-00-00 00:00:00,0000-00-00 00:00:00
554,3610,0000-00-00 00:00:00,0000-00-00 00:00:00
555,3661,0000-00-00 00:00:00,0000-00-00 00:00:00
556,3660,0000-00-00 00:00:00,0000-00-00 00:00:00
557,3630,0000-00-00 00:00:00,0000-00-00 00:00:00
558,3631,0000-00-00 00:00:00,0000-00-00 00:00:00
559,3632,0000-00-00 00:00:00,0000-00-00 00:00:00
560,3633,0000-00-00 00:00:00,0000-00-00 00:00:00
561,3642,0000-00-00 00:00:00,0000-00-00 00:00:00
562,3640,0000-00-00 00:00:00,0000-00-00 00:00:00
563,3641,0000-00-00 00:00:00,0000-00-00 00:00:00
564,3623,0000-00-00 00:00:00,0000-00-00 00:00:00
565,3624,0000-00-00 00:00:00,0000-00-00 00:00:00
566,3621,0000-00-00 00:00:00,0000-00-00 00:00:00
567,3622,0000-00-00 00:00:00,0000-00-00 00:00:00
568,3620,0000-00-00 00:00:00,0000-00-00 00:00:00
569,4376,0000-00-00 00:00:00,0000-00-00 00:00:00
570,4378,0000-00-00 00:00:00,0000-00-00 00:00:00
571,4377,0000-00-00 00:00:00,0000-00-00 00:00:00
572,4366,0000-00-00 00:00:00,0000-00-00 00:00:00
573,4369,0000-00-00 00:00:00,0000-00-00 00:00:00
574,4365,0000-00-00 00:00:00,0000-00-00 00:00:00
575,4368,0000-00-00 00:00:00,0000-00-00 00:00:00
576,4363,0000-00-00 00:00:00,0000-00-00 00:00:00
577,4367,0000-00-00 00:00:00,0000-00-00 00:00:00
578,4364,0000-00-00 00:00:00,0000-00-00 00:00:00
579,4221,0000-00-00 00:00:00,0000-00-00 00:00:00
580,4211,0000-00-00 00:00:00,0000-00-00 00:00:00
581,4215,0000-00-00 00:00:00,0000-00-00 00:00:00
582,4210,0000-00-00 00:00:00,0000-00-00 00:00:00
583,4212,0000-00-00 00:00:00,0000-00-00 00:00:00
584,4203,0000-00-00 00:00:00,0000-00-00 00:00:00
585,4220,0000-00-00 00:00:00,0000-00-00 00:00:00
586,4219,0000-00-00 00:00:00,0000-00-00 00:00:00
587,4209,0000-00-00 00:00:00,0000-00-00 00:00:00
588,4218,0000-00-00 00:00:00,0000-00-00 00:00:00
589,4205,0000-00-00 00:00:00,0000-00-00 00:00:00
590,4100,0000-00-00 00:00:00,0000-00-00 00:00:00
591,4000,0000-00-00 00:00:00,0000-00-00 00:00:00
592,4223,0000-00-00 00:00:00,0000-00-00 00:00:00
593,4207,0000-00-00 00:00:00,0000-00-00 00:00:00
594,4216,0000-00-00 00:00:00,0000-00-00 00:00:00
595,4225,0000-00-00 00:00:00,0000-00-00 00:00:00
596,4214,0000-00-00 00:00:00,0000-00-00 00:00:00
597,4206,0000-00-00 00:00:00,0000-00-00 00:00:00
598,4222,0000-00-00 00:00:00,0000-00-00 00:00:00
599,4208,0000-00-00 00:00:00,0000-00-00 00:00:00
600,4226,0000-00-00 00:00:00,0000-00-00 00:00:00
601,4217,0000-00-00 00:00:00,0000-00-00 00:00:00
602,4202,0000-00-00 00:00:00,0000-00-00 00:00:00
603,4204,0000-00-00 00:00:00,0000-00-00 00:00:00
604,4224,0000-00-00 00:00:00,0000-00-00 00:00:00
605,4213,0000-00-00 00:00:00,0000-00-00 00:00:00
606,4383,0000-00-00 00:00:00,0000-00-00 00:00:00
607,4382,0000-00-00 00:00:00,0000-00-00 00:00:00
608,4380,0000-00-00 00:00:00,0000-00-00 00:00:00
609,4381,0000-00-00 00:00:00,0000-00-00 00:00:00
610,4352,0000-00-00 00:00:00,0000-00-00 00:00:00
611,4350,0000-00-00 00:00:00,0000-00-00 00:00:00
612,4354,0000-00-00 00:00:00,0000-00-00 00:00:00
613,4353,0000-00-00 00:00:00,0000-00-00 00:00:00
614,4351,0000-00-00 00:00:00,0000-00-00 00:00:00
615,4355,0000-00-00 00:00:00,0000-00-00 00:00:00
616,4331,0000-00-00 00:00:00,0000-00-00 00:00:00
617,4335,0000-00-00 00:00:00,0000-00-00 00:00:00
618,4332,0000-00-00 00:00:00,0000-00-00 00:00:00
619,4330,0000-00-00 00:00:00,0000-00-00 00:00:00
620,4333,0000-00-00 00:00:00,0000-00-00 00:00:00
621,4339,0000-00-00 00:00:00,0000-00-00 00:00:00
622,4334,0000-00-00 00:00:00,0000-00-00 00:00:00
623,4337,0000-00-00 00:00:00,0000-00-00 00:00:00
624,4338,0000-00-00 00:00:00,0000-00-00 00:00:00
625,4393,0000-00-00 00:00:00,0000-00-00 00:00:00
626,4392,0000-00-00 00:00:00,0000-00-00 00:00:00
627,4390,0000-00-00 00:00:00,0000-00-00 00:00:00
628,4391,0000-00-00 00:00:00,0000-00-00 00:00:00
629,4398,0000-00-00 00:00:00,0000-00-00 00:00:00
630,4396,0000-00-00 00:00:00,0000-00-00 00:00:00
631,4397,0000-00-00 00:00:00,0000-00-00 00:00:00
632,4321,0000-00-00 00:00:00,0000-00-00 00:00:00
633,4325,0000-00-00 00:00:00,0000-00-00 00:00:00
634,4323,0000-00-00 00:00:00,0000-00-00 00:00:00
635,4322,0000-00-00 00:00:00,0000-00-00 00:00:00
636,4324,0000-00-00 00:00:00,0000-00-00 00:00:00
637,4327,0000-00-00 00:00:00,0000-00-00 00:00:00
638,4320,0000-00-00 00:00:00,0000-00-00 00:00:00
639,4328,0000-00-00 00:00:00,0000-00-00 00:00:00
640,4371,0000-00-00 00:00:00,0000-00-00 00:00:00
641,4370,0000-00-00 00:00:00,0000-00-00 00:00:00
642,4361,0000-00-00 00:00:00,0000-00-00 00:00:00
643,4360,0000-00-00 00:00:00,0000-00-00 00:00:00
644,4349,0000-00-00 00:00:00,0000-00-00 00:00:00
645,4341,0000-00-00 00:00:00,0000-00-00 00:00:00
646,4347,0000-00-00 00:00:00,0000-00-00 00:00:00
647,4345,0000-00-00 00:00:00,0000-00-00 00:00:00
648,4343,0000-00-00 00:00:00,0000-00-00 00:00:00
649,4346,0000-00-00 00:00:00,0000-00-00 00:00:00
650,4344,0000-00-00 00:00:00,0000-00-00 00:00:00
651,4342,0000-00-00 00:00:00,0000-00-00 00:00:00
652,4348,0000-00-00 00:00:00,0000-00-00 00:00:00
653,4340,0000-00-00 00:00:00,0000-00-00 00:00:00
654,4300,0000-00-00 00:00:00,0000-00-00 00:00:00
655,4301,0000-00-00 00:00:00,0000-00-00 00:00:00
656,4302,0000-00-00 00:00:00,0000-00-00 00:00:00
657,4387,0000-00-00 00:00:00,0000-00-00 00:00:00
658,4388,0000-00-00 00:00:00,0000-00-00 00:00:00
659,4386,0000-00-00 00:00:00,0000-00-00 00:00:00
660,4312,0000-00-00 00:00:00,0000-00-00 00:00:00
661,4311,0000-00-00 00:00:00,0000-00-00 00:00:00
662,4313,0000-00-00 00:00:00,0000-00-00 00:00:00
663,4315,0000-00-00 00:00:00,0000-00-00 00:00:00
664,4316,0000-00-00 00:00:00,0000-00-00 00:00:00
665,4317,0000-00-00 00:00:00,0000-00-00 00:00:00
666,4314,0000-00-00 00:00:00,0000-00-00 00:00:00
667,4310,0000-00-00 00:00:00,0000-00-00 00:00:00
668,3560,0000-00-00 00:00:00,0000-00-00 00:00:00
669,3562,0000-00-00 00:00:00,0000-00-00 00:00:00
670,3561,0000-00-00 00:00:00,0000-00-00 00:00:00
671,3526,0000-00-00 00:00:00,0000-00-00 00:00:00
672,3520,0000-00-00 00:00:00,0000-00-00 00:00:00
673,3521,0000-00-00 00:00:00,0000-00-00 00:00:00
674,3510,0000-00-00 00:00:00,0000-00-00 00:00:00
675,3511,0000-00-00 00:00:00,0000-00-00 00:00:00
676,3510,0000-00-00 00:00:00,0000-00-00 00:00:00
677,3551,0000-00-00 00:00:00,0000-00-00 00:00:00
678,3552,0000-00-00 00:00:00,0000-00-00 00:00:00
679,3550,0000-00-00 00:00:00,0000-00-00 00:00:00
680,3501,0000-00-00 00:00:00,0000-00-00 00:00:00
681,3500,0000-00-00 00:00:00,0000-00-00 00:00:00
682,3503,0000-00-00 00:00:00,0000-00-00 00:00:00
683,3502,0000-00-00 00:00:00,0000-00-00 00:00:00
684,3504,0000-00-00 00:00:00,0000-00-00 00:00:00
685,3518,0000-00-00 00:00:00,0000-00-00 00:00:00
686,3516,0000-00-00 00:00:00,0000-00-00 00:00:00
687,3519,0000-00-00 00:00:00,0000-00-00 00:00:00
688,3517,0000-00-00 00:00:00,0000-00-00 00:00:00
689,3532,0000-00-00 00:00:00,0000-00-00 00:00:00
690,3530,0000-00-00 00:00:00,0000-00-00 00:00:00
691,3533,0000-00-00 00:00:00,0000-00-00 00:00:00
692,3531,0000-00-00 00:00:00,0000-00-00 00:00:00
693,3546,0000-00-00 00:00:00,0000-00-00 00:00:00
694,3572,0000-00-00 00:00:00,0000-00-00 00:00:00
695,3570,0000-00-00 00:00:00,0000-00-00 00:00:00
696,3571,0000-00-00 00:00:00,0000-00-00 00:00:00
697,3582,0000-00-00 00:00:00,0000-00-00 00:00:00
698,3581,0000-00-00 00:00:00,0000-00-00 00:00:00
699,3583,0000-00-00 00:00:00,0000-00-00 00:00:00
700,3580,0000-00-00 00:00:00,0000-00-00 00:00:00
701,3543,0000-00-00 00:00:00,0000-00-00 00:00:00
702,3542,0000-00-00 00:00:00,0000-00-00 00:00:00
703,3540,0000-00-00 00:00:00,0000-00-00 00:00:00
704,3545,0000-00-00 00:00:00,0000-00-00 00:00:00
705,3541,0000-00-00 00:00:00,0000-00-00 00:00:00
706,3544,0000-00-00 00:00:00,0000-00-00 00:00:00
707,4742,0000-00-00 00:00:00,0000-00-00 00:00:00
708,4740,0000-00-00 00:00:00,0000-00-00 00:00:00
709,4741,0000-00-00 00:00:00,0000-00-00 00:00:00
710,4743,0000-00-00 00:00:00,0000-00-00 00:00:00
711,4700,0000-00-00 00:00:00,0000-00-00 00:00:00
712,4702,0000-00-00 00:00:00,0000-00-00 00:00:00
713,4701,0000-00-00 00:00:00,0000-00-00 00:00:00
714,4710,0000-00-00 00:00:00,0000-00-00 00:00:00
715,4720,0000-00-00 00:00:00,0000-00-00 00:00:00
716,4730,0000-00-00 00:00:00,0000-00-00 00:00:00
717,4761,0000-00-00 00:00:00,0000-00-00 00:00:00
718,4762,0000-00-00 00:00:00,0000-00-00 00:00:00
719,4760,0000-00-00 00:00:00,0000-00-00 00:00:00
720,4750,0000-00-00 00:00:00,0000-00-00 00:00:00
721,3910,0000-00-00 00:00:00,0000-00-00 00:00:00
722,3912,0000-00-00 00:00:00,0000-00-00 00:00:00
723,3911,0000-00-00 00:00:00,0000-00-00 00:00:00
724,3913,0000-00-00 00:00:00,0000-00-00 00:00:00
725,3922,0000-00-00 00:00:00,0000-00-00 00:00:00
726,3920,0000-00-00 00:00:00,0000-00-00 00:00:00
727,3921,0000-00-00 00:00:00,0000-00-00 00:00:00
728,3923,0000-00-00 00:00:00,0000-00-00 00:00:00
729,3901,0000-00-00 00:00:00,0000-00-00 00:00:00
730,3900,0000-00-00 00:00:00,0000-00-00 00:00:00
731,3903,0000-00-00 00:00:00,0000-00-00 00:00:00
732,3902,0000-00-00 00:00:00,0000-00-00 00:00:00
733,3942,0000-00-00 00:00:00,0000-00-00 00:00:00
734,3943,0000-00-00 00:00:00,0000-00-00 00:00:00
735,3940,0000-00-00 00:00:00,0000-00-00 00:00:00
736,3941,0000-00-00 00:00:00,0000-00-00 00:00:00
737,3932,0000-00-00 00:00:00,0000-00-00 00:00:00
738,3933,0000-00-00 00:00:00,0000-00-00 00:00:00
739,3931,0000-00-00 00:00:00,0000-00-00 00:00:00
740,3930,0000-00-00 00:00:00,0000-00-00 00:00:00
741,4420,0000-00-00 00:00:00,0000-00-00 00:00:00
742,4400,0000-00-00 00:00:00,0000-00-00 00:00:00
743,4470,0000-00-00 00:00:00,0000-00-00 00:00:00
744,4430,0000-00-00 00:00:00,0000-00-00 00:00:00
745,4460,0000-00-00 00:00:00,0000-00-00 00:00:00
746,4450,0000-00-00 00:00:00,0000-00-00 00:00:00
747,4410,0000-00-00 00:00:00,0000-00-00 00:00:00
748,4440,0000-00-00 00:00:00,0000-00-00 00:00:00
749,3730,0000-00-00 00:00:00,0000-00-00 00:00:00
750,3731,0000-00-00 00:00:00,0000-00-00 00:00:00
751,3732,0000-00-00 00:00:00,0000-00-00 00:00:00
752,3709,0000-00-00 00:00:00,0000-00-00 00:00:00
753,3702,0000-00-00 00:00:00,0000-00-00 00:00:00
754,3708,0000-00-00 00:00:00,0000-00-00 00:00:00
755,3707,0000-00-00 00:00:00,0000-00-00 00:00:00
756,3701,0000-00-00 00:00:00,0000-00-00 00:00:00
757,3706,0000-00-00 00:00:00,0000-00-00 00:00:00
758,3704,0000-00-00 00:00:00,0000-00-00 00:00:00
759,3700,0000-00-00 00:00:00,0000-00-00 00:00:00
760,3703,0000-00-00 00:00:00,0000-00-00 00:00:00
761,3705,0000-00-00 00:00:00,0000-00-00 00:00:00
762,3721,0000-00-00 00:00:00,0000-00-00 00:00:00
763,3725,0000-00-00 00:00:00,0000-00-00 00:00:00
764,3723,0000-00-00 00:00:00,0000-00-00 00:00:00
765,3724,0000-00-00 00:00:00,0000-00-00 00:00:00
766,3722,0000-00-00 00:00:00,0000-00-00 00:00:00
767,3720,0000-00-00 00:00:00,0000-00-00 00:00:00
768,3714,0000-00-00 00:00:00,0000-00-00 00:00:00
769,3713,0000-00-00 00:00:00,0000-00-00 00:00:00
770,3713,0000-00-00 00:00:00,0000-00-00 00:00:00
771,3712,0000-00-00 00:00:00,0000-00-00 00:00:00
772,3711,0000-00-00 00:00:00,0000-00-00 00:00:00
773,3710,0000-00-00 00:00:00,0000-00-00 00:00:00
774,3850,0000-00-00 00:00:00,0000-00-00 00:00:00
775,3851,0000-00-00 00:00:00,0000-00-00 00:00:00
776,3831,0000-00-00 00:00:00,0000-00-00 00:00:00
777,3847,0000-00-00 00:00:00,0000-00-00 00:00:00
778,3822,0000-00-00 00:00:00,0000-00-00 00:00:00
779,3824,0000-00-00 00:00:00,0000-00-00 00:00:00
780,3820,0000-00-00 00:00:00,0000-00-00 00:00:00
781,3837,0000-00-00 00:00:00,0000-00-00 00:00:00
782,3821,0000-00-00 00:00:00,0000-00-00 00:00:00
783,3843,0000-00-00 00:00:00,0000-00-00 00:00:00
784,3848,0000-00-00 00:00:00,0000-00-00 00:00:00
785,3828,0000-00-00 00:00:00,0000-00-00 00:00:00
786,3825,0000-00-00 00:00:00,0000-00-00 00:00:00
787,3844,0000-00-00 00:00:00,0000-00-00 00:00:00
788,3829,0000-00-00 00:00:00,0000-00-00 00:00:00
789,3833,0000-00-00 00:00:00,0000-00-00 00:00:00
790,3842,0000-00-00 00:00:00,0000-00-00 00:00:00
791,3838,0000-00-00 00:00:00,0000-00-00 00:00:00
792,3823,0000-00-00 00:00:00,0000-00-00 00:00:00
793,3839,0000-00-00 00:00:00,0000-00-00 00:00:00
794,3841,0000-00-00 00:00:00,0000-00-00 00:00:00
795,3835,0000-00-00 00:00:00,0000-00-00 00:00:00
796,3834,0000-00-00 00:00:00,0000-00-00 00:00:00
797,3827,0000-00-00 00:00:00,0000-00-00 00:00:00
798,3832,0000-00-00 00:00:00,0000-00-00 00:00:00
799,3845,0000-00-00 00:00:00,0000-00-00 00:00:00
800,3879,0000-00-00 00:00:00,0000-00-00 00:00:00
801,3873,0000-00-00 00:00:00,0000-00-00 00:00:00
802,3870,0000-00-00 00:00:00,0000-00-00 00:00:00
803,3878,0000-00-00 00:00:00,0000-00-00 00:00:00
804,3877,0000-00-00 00:00:00,0000-00-00 00:00:00
805,3872,0000-00-00 00:00:00,0000-00-00 00:00:00
806,3871,0000-00-00 00:00:00,0000-00-00 00:00:00
807,3874,0000-00-00 00:00:00,0000-00-00 00:00:00
808,3881,0000-00-00 00:00:00,0000-00-00 00:00:00
809,3882,0000-00-00 00:00:00,0000-00-00 00:00:00
810,3883,0000-00-00 00:00:00,0000-00-00 00:00:00
811,3875,0000-00-00 00:00:00,0000-00-00 00:00:00
812,3891,0000-00-00 00:00:00,0000-00-00 00:00:00
813,3890,0000-00-00 00:00:00,0000-00-00 00:00:00
814,3892,0000-00-00 00:00:00,0000-00-00 00:00:00
815,3811,0000-00-00 00:00:00,0000-00-00 00:00:00
816,3812,0000-00-00 00:00:00,0000-00-00 00:00:00
817,3809,0000-00-00 00:00:00,0000-00-00 00:00:00
818,3803,0000-00-00 00:00:00,0000-00-00 00:00:00
819,3807,0000-00-00 00:00:00,0000-00-00 00:00:00
820,3808,0000-00-00 00:00:00,0000-00-00 00:00:00
821,3806,0000-00-00 00:00:00,0000-00-00 00:00:00
822,3801,0000-00-00 00:00:00,0000-00-00 00:00:00
823,3800,0000-00-00 00:00:00,0000-00-00 00:00:00
824,3804,0000-00-00 00:00:00,0000-00-00 00:00:00
825,3802,0000-00-00 00:00:00,0000-00-00 00:00:00
826,3862,0000-00-00 00:00:00,0000-00-00 00:00:00
827,3864,0000-00-00 00:00:00,0000-00-00 00:00:00
828,3861,0000-00-00 00:00:00,0000-00-00 00:00:00
829,3863,0000-00-00 00:00:00,0000-00-00 00:00:00
830,3860,0000-00-00 00:00:00,0000-00-00 00:00:00
831,3865,0000-00-00 00:00:00,0000-00-00 00:00:00
832,4570,0000-00-00 00:00:00,0000-00-00 00:00:00
833,4550,0000-00-00 00:00:00,0000-00-00 00:00:00
834,4560,0000-00-00 00:00:00,0000-00-00 00:00:00
835,4511,0000-00-00 00:00:00,0000-00-00 00:00:00
836,4510,0000-00-00 00:00:00,0000-00-00 00:00:00
837,4531,0000-00-00 00:00:00,0000-00-00 00:00:00
838,4530,0000-00-00 00:00:00,0000-00-00 00:00:00
839,4533,0000-00-00 00:00:00,0000-00-00 00:00:00
840,4532,0000-00-00 00:00:00,0000-00-00 00:00:00
841,4580,0000-00-00 00:00:00,0000-00-00 00:00:00
842,4590,0000-00-00 00:00:00,0000-00-00 00:00:00
843,4520,0000-00-00 00:00:00,0000-00-00 00:00:00
844,4540,0000-00-00 00:00:00,0000-00-00 00:00:00
845,4500,0000-00-00 00:00:00,0000-00-00 00:00:00
846,5270,0000-00-00 00:00:00,0000-00-00 00:00:00
847,5210,0000-00-00 00:00:00,0000-00-00 00:00:00
848,5266,0000-00-00 00:00:00,0000-00-00 00:00:00
849,5220,0000-00-00 00:00:00,0000-00-00 00:00:00
850,5240,0000-00-00 00:00:00,0000-00-00 00:00:00
851,5241,0000-00-00 00:00:00,0000-00-00 00:00:00
852,5201,0000-00-00 00:00:00,0000-00-00 00:00:00
853,5200,0000-00-00 00:00:00,0000-00-00 00:00:00
854,5230,0000-00-00 00:00:00,0000-00-00 00:00:00
855,5231,0000-00-00 00:00:00,0000-00-00 00:00:00
856,5226,0000-00-00 00:00:00,0000-00-00 00:00:00
857,5281,0000-00-00 00:00:00,0000-00-00 00:00:00
858,5282,0000-00-00 00:00:00,0000-00-00 00:00:00
859,5280,0000-00-00 00:00:00,0000-00-00 00:00:00
860,5291,0000-00-00 00:00:00,0000-00-00 00:00:00
861,5290,0000-00-00 00:00:00,0000-00-00 00:00:00
862,5250,0000-00-00 00:00:00,0000-00-00 00:00:00
863,5260,0000-00-00 00:00:00,0000-00-00 00:00:00
864,5216,0000-00-00 00:00:00,0000-00-00 00:00:00
865,5750,0000-00-00 00:00:00,0000-00-00 00:00:00
866,5751,0000-00-00 00:00:00,0000-00-00 00:00:00
867,5700,0000-00-00 00:00:00,0000-00-00 00:00:00
868,5740,0000-00-00 00:00:00,0000-00-00 00:00:00
869,5741,0000-00-00 00:00:00,0000-00-00 00:00:00
870,5730,0000-00-00 00:00:00,0000-00-00 00:00:00
871,5761,0000-00-00 00:00:00,0000-00-00 00:00:00
872,5760,0000-00-00 00:00:00,0000-00-00 00:00:00
873,5711,0000-00-00 00:00:00,0000-00-00 00:00:00
874,5710,0000-00-00 00:00:00,0000-00-00 00:00:00
875,5721,0000-00-00 00:00:00,0000-00-00 00:00:00
876,5720,0000-00-00 00:00:00,0000-00-00 00:00:00
877,5670,0000-00-00 00:00:00,0000-00-00 00:00:00
878,5630,0000-00-00 00:00:00,0000-00-00 00:00:00
879,5631,0000-00-00 00:00:00,0000-00-00 00:00:00
880,5600,0000-00-00 00:00:00,0000-00-00 00:00:00
881,5601,0000-00-00 00:00:00,0000-00-00 00:00:00
882,5680,0000-00-00 00:00:00,0000-00-00 00:00:00
883,5660,0000-00-00 00:00:00,0000-00-00 00:00:00
884,5611,0000-00-00 00:00:00,0000-00-00 00:00:00
885,5610,0000-00-00 00:00:00,0000-00-00 00:00:00
886,5650,0000-00-00 00:00:00,0000-00-00 00:00:00
887,5640,0000-00-00 00:00:00,0000-00-00 00:00:00
888,5621,0000-00-00 00:00:00,0000-00-00 00:00:00
889,5620,0000-00-00 00:00:00,0000-00-00 00:00:00
890,5510,0000-00-00 00:00:00,0000-00-00 00:00:00
891,5530,0000-00-00 00:00:00,0000-00-00 00:00:00
892,5502,0000-00-00 00:00:00,0000-00-00 00:00:00
893,5500,0000-00-00 00:00:00,0000-00-00 00:00:00
894,5501,0000-00-00 00:00:00,0000-00-00 00:00:00
895,5541,0000-00-00 00:00:00,0000-00-00 00:00:00
896,5542,0000-00-00 00:00:00,0000-00-00 00:00:00
897,5540,0000-00-00 00:00:00,0000-00-00 00:00:00
898,5520,0000-00-00 00:00:00,0000-00-00 00:00:00
899,5350,0000-00-00 00:00:00,0000-00-00 00:00:00
900,5351,0000-00-00 00:00:00,0000-00-00 00:00:00
901,5341,0000-00-00 00:00:00,0000-00-00 00:00:00
902,5340,0000-00-00 00:00:00,0000-00-00 00:00:00
903,5330,0000-00-00 00:00:00,0000-00-00 00:00:00
904,5320,0000-00-00 00:00:00,0000-00-00 00:00:00
905,5300,0000-00-00 00:00:00,0000-00-00 00:00:00
906,5301,0000-00-00 00:00:00,0000-00-00 00:00:00
907,5310,0000-00-00 00:00:00,0000-00-00 00:00:00
908,5311,0000-00-00 00:00:00,0000-00-00 00:00:00
909,5010,0000-00-00 00:00:00,0000-00-00 00:00:00
910,4050,0000-00-00 00:00:00,0000-00-00 00:00:00
911,5041,0000-00-00 00:00:00,0000-00-00 00:00:00
912,5020,0000-00-00 00:00:00,0000-00-00 00:00:00
913,5000,0000-00-00 00:00:00,0000-00-00 00:00:00
914,5030,0000-00-00 00:00:00,0000-00-00 00:00:00
915,5420,0000-00-00 00:00:00,0000-00-00 00:00:00
916,5431,0000-00-00 00:00:00,0000-00-00 00:00:00
917,5410,0000-00-00 00:00:00,0000-00-00 00:00:00
918,5441,0000-00-00 00:00:00,0000-00-00 00:00:00
919,5440,0000-00-00 00:00:00,0000-00-00 00:00:00
920,5450,0000-00-00 00:00:00,0000-00-00 00:00:00
921,5460,0000-00-00 00:00:00,0000-00-00 00:00:00
922,5470,0000-00-00 00:00:00,0000-00-00 00:00:00
923,5402,0000-00-00 00:00:00,0000-00-00 00:00:00
924,5403,0000-00-00 00:00:00,0000-00-00 00:00:00
925,5404,0000-00-00 00:00:00,0000-00-00 00:00:00
926,5405,0000-00-00 00:00:00,0000-00-00 00:00:00
927,5400,0000-00-00 00:00:00,0000-00-00 00:00:00
928,5401,0000-00-00 00:00:00,0000-00-00 00:00:00
929,5430,0000-00-00 00:00:00,0000-00-00 00:00:00
930,5140,0000-00-00 00:00:00,0000-00-00 00:00:00
931,5141,0000-00-00 00:00:00,0000-00-00 00:00:00
932,5130,0000-00-00 00:00:00,0000-00-00 00:00:00
933,5110,0000-00-00 00:00:00,0000-00-00 00:00:00
934,5470,0000-00-00 00:00:00,0000-00-00 00:00:00
935,5121,0000-00-00 00:00:00,0000-00-00 00:00:00
936,5120,0000-00-00 00:00:00,0000-00-00 00:00:00
937,5103,0000-00-00 00:00:00,0000-00-00 00:00:00
938,5102,0000-00-00 00:00:00,0000-00-00 00:00:00
939,5101,0000-00-00 00:00:00,0000-00-00 00:00:00
940,5100,0000-00-00 00:00:00,0000-00-00 00:00:00
941,5890,0000-00-00 00:00:00,0000-00-00 00:00:00
942,5892,0000-00-00 00:00:00,0000-00-00 00:00:00
943,5891,0000-00-00 00:00:00,0000-00-00 00:00:00
944,5801,0000-00-00 00:00:00,0000-00-00 00:00:00
945,5800,0000-00-00 00:00:00,0000-00-00 00:00:00
946,5850,0000-00-00 00:00:00,0000-00-00 00:00:00
947,5851,0000-00-00 00:00:00,0000-00-00 00:00:00
948,5880,0000-00-00 00:00:00,0000-00-00 00:00:00
949,5881,0000-00-00 00:00:00,0000-00-00 00:00:00
950,5820,0000-00-00 00:00:00,0000-00-00 00:00:00
951,5821,0000-00-00 00:00:00,0000-00-00 00:00:00
952,5870,0000-00-00 00:00:00,0000-00-00 00:00:00
953,5860,0000-00-00 00:00:00,0000-00-00 00:00:00
954,5831,0000-00-00 00:00:00,0000-00-00 00:00:00
955,5830,0000-00-00 00:00:00,0000-00-00 00:00:00
956,5841,0000-00-00 00:00:00,0000-00-00 00:00:00
957,5842,0000-00-00 00:00:00,0000-00-00 00:00:00
958,5840,0000-00-00 00:00:00,0000-00-00 00:00:00
959,5810,0000-00-00 00:00:00,0000-00-00 00:00:00
960,5826,0000-00-00 00:00:00,0000-00-00 00:00:00
961,6330,0000-00-00 00:00:00,0000-00-00 00:00:00
962,6303,0000-00-00 00:00:00,0000-00-00 00:00:00
963,6300,0000-00-00 00:00:00,0000-00-00 00:00:00
964,6301,0000-00-00 00:00:00,0000-00-00 00:00:00
965,6302,0000-00-00 00:00:00,0000-00-00 00:00:00
966,6311,0000-00-00 00:00:00,0000-00-00 00:00:00
967,6310,0000-00-00 00:00:00,0000-00-00 00:00:00
968,6321,0000-00-00 00:00:00,0000-00-00 00:00:00
969,6320,0000-00-00 00:00:00,0000-00-00 00:00:00
970,6341,0000-00-00 00:00:00,0000-00-00 00:00:00
971,6342,0000-00-00 00:00:00,0000-00-00 00:00:00
972,6340,0000-00-00 00:00:00,0000-00-00 00:00:00
973,5940,0000-00-00 00:00:00,0000-00-00 00:00:00
974,5941,0000-00-00 00:00:00,0000-00-00 00:00:00
975,5942,0000-00-00 00:00:00,0000-00-00 00:00:00
976,5900,0000-00-00 00:00:00,0000-00-00 00:00:00
977,5930,0000-00-00 00:00:00,0000-00-00 00:00:00
978,5920,0000-00-00 00:00:00,0000-00-00 00:00:00
979,5910,0000-00-00 00:00:00,0000-00-00 00:00:00
980,6596,0000-00-00 00:00:00,0000-00-00 00:00:00
981,6597,0000-00-00 00:00:00,0000-00-00 00:00:00
982,6570,0000-00-00 00:00:00,0000-00-00 00:00:00
983,6580,0000-00-00 00:00:00,0000-00-00 00:00:00
984,6530,0000-00-00 00:00:00,0000-00-00 00:00:00
985,6500,0000-00-00 00:00:00,0000-00-00 00:00:00
986,6520,0000-00-00 00:00:00,0000-00-00 00:00:00
987,6550,0000-00-00 00:00:00,0000-00-00 00:00:00
988,6552,0000-00-00 00:00:00,0000-00-00 00:00:00
989,6551,0000-00-00 00:00:00,0000-00-00 00:00:00
990,6540,0000-00-00 00:00:00,0000-00-00 00:00:00
991,6512,0000-00-00 00:00:00,0000-00-00 00:00:00
992,6511,0000-00-00 00:00:00,0000-00-00 00:00:00
993,6510,0000-00-00 00:00:00,0000-00-00 00:00:00
994,6591,0000-00-00 00:00:00,0000-00-00 00:00:00
995,6590,0000-00-00 00:00:00,0000-00-00 00:00:00
996,6561,0000-00-00 00:00:00,0000-00-00 00:00:00
997,6560,0000-00-00 00:00:00,0000-00-00 00:00:00
998,6422,0000-00-00 00:00:00,0000-00-00 00:00:00
999,6420,0000-00-00 00:00:00,0000-00-00 00:00:00
1000,6421,0000-00-00 00:00:00,0000-00-00 00:00:00
1001,6432,0000-00-00 00:00:00,0000-00-00 00:00:00
1002,6431,0000-00-00 00:00:00,0000-00-00 00:00:00
1003,6430,0000-00-00 00:00:00,0000-00-00 00:00:00
1004,6440,0000-00-00 00:00:00,0000-00-00 00:00:00
1005,6410,0000-00-00 00:00:00,0000-00-00 00:00:00
1006,6402,0000-00-00 00:00:00,0000-00-00 00:00:00
1007,6401,0000-00-00 00:00:00,0000-00-00 00:00:00
1008,6403,0000-00-00 00:00:00,0000-00-00 00:00:00
1009,6400,0000-00-00 00:00:00,0000-00-00 00:00:00
1010,6450,0000-00-00 00:00:00,0000-00-00 00:00:00
1011,6650,0000-00-00 00:00:00,0000-00-00 00:00:00
1012,6680,0000-00-00 00:00:00,0000-00-00 00:00:00
1013,6682,0000-00-00 00:00:00,0000-00-00 00:00:00
1014,6681,0000-00-00 00:00:00,0000-00-00 00:00:00
1015,6683,0000-00-00 00:00:00,0000-00-00 00:00:00
1016,6640,0000-00-00 00:00:00,0000-00-00 00:00:00
1017,6630,0000-00-00 00:00:00,0000-00-00 00:00:00
1018,6610,0000-00-00 00:00:00,0000-00-00 00:00:00
1019,6621,0000-00-00 00:00:00,0000-00-00 00:00:00
1020,6620,0000-00-00 00:00:00,0000-00-00 00:00:00
1021,6622,0000-00-00 00:00:00,0000-00-00 00:00:00
1022,6623,0000-00-00 00:00:00,0000-00-00 00:00:00
1023,6602,0000-00-00 00:00:00,0000-00-00 00:00:00
1024,6601,0000-00-00 00:00:00,0000-00-00 00:00:00
1025,6600,0000-00-00 00:00:00,0000-00-00 00:00:00
1026,6670,0000-00-00 00:00:00,0000-00-00 00:00:00
1027,6661,0000-00-00 00:00:00,0000-00-00 00:00:00
1028,6660,0000-00-00 00:00:00,0000-00-00 00:00:00
1029,6281,0000-00-00 00:00:00,0000-00-00 00:00:00
1030,6280,0000-00-00 00:00:00,0000-00-00 00:00:00
1031,6250,0000-00-00 00:00:00,0000-00-00 00:00:00
1032,6251,0000-00-00 00:00:00,0000-00-00 00:00:00
1033,6270,0000-00-00 00:00:00,0000-00-00 00:00:00
1034,6271,0000-00-00 00:00:00,0000-00-00 00:00:00
1035,6240,0000-00-00 00:00:00,0000-00-00 00:00:00
1036,6290,0000-00-00 00:00:00,0000-00-00 00:00:00
1037,6291,0000-00-00 00:00:00,0000-00-00 00:00:00
1038,6220,0000-00-00 00:00:00,0000-00-00 00:00:00
1039,6210,0000-00-00 00:00:00,0000-00-00 00:00:00
1040,6211,0000-00-00 00:00:00,0000-00-00 00:00:00
1041,6212,0000-00-00 00:00:00,0000-00-00 00:00:00
1042,6260,0000-00-00 00:00:00,0000-00-00 00:00:00
1043,6206,0000-00-00 00:00:00,0000-00-00 00:00:00
1044,6100,0000-00-00 00:00:00,0000-00-00 00:00:00
1045,6204,0000-00-00 00:00:00,0000-00-00 00:00:00
1046,6202,0000-00-00 00:00:00,0000-00-00 00:00:00
1047,6201,0000-00-00 00:00:00,0000-00-00 00:00:00
1048,6000,0000-00-00 00:00:00,0000-00-00 00:00:00
1049,6205,0000-00-00 00:00:00,0000-00-00 00:00:00
1050,6203,0000-00-00 00:00:00,0000-00-00 00:00:00
1051,6230,0000-00-00 00:00:00,0000-00-00 00:00:00
1052,6730,0000-00-00 00:00:00,0000-00-00 00:00:00
1053,6740,0000-00-00 00:00:00,0000-00-00 00:00:00
1054,6751,0000-00-00 00:00:00,0000-00-00 00:00:00
1055,6742,0000-00-00 00:00:00,0000-00-00 00:00:00
1056,6741,0000-00-00 00:00:00,0000-00-00 00:00:00
1057,6752,0000-00-00 00:00:00,0000-00-00 00:00:00
1058,6720,0000-00-00 00:00:00,0000-00-00 00:00:00
1059,6721,0000-00-00 00:00:00,0000-00-00 00:00:00
1060,6712,0000-00-00 00:00:00,0000-00-00 00:00:00
1061,6710,0000-00-00 00:00:00,0000-00-00 00:00:00
1062,6711,0000-00-00 00:00:00,0000-00-00 00:00:00
1063,6772,0000-00-00 00:00:00,0000-00-00 00:00:00
1064,6773,0000-00-00 00:00:00,0000-00-00 00:00:00
1065,6771,0000-00-00 00:00:00,0000-00-00 00:00:00
1066,6770,0000-00-00 00:00:00,0000-00-00 00:00:00
1067,6701,0000-00-00 00:00:00,0000-00-00 00:00:00
1068,6702,0000-00-00 00:00:00,0000-00-00 00:00:00
1069,6700,0000-00-00 00:00:00,0000-00-00 00:00:00
1070,6780,0000-00-00 00:00:00,0000-00-00 00:00:00
1071,6762,0000-00-00 00:00:00,0000-00-00 00:00:00
1072,6763,0000-00-00 00:00:00,0000-00-00 00:00:00
1073,6760,0000-00-00 00:00:00,0000-00-00 00:00:00
1074,6761,0000-00-00 00:00:00,0000-00-00 00:00:00
1075,8710,0000-00-00 00:00:00,0000-00-00 00:00:00
1076,8730,0000-00-00 00:00:00,0000-00-00 00:00:00
1077,8700,0000-00-00 00:00:00,0000-00-00 00:00:00
1078,8701,0000-00-00 00:00:00,0000-00-00 00:00:00
1079,8740,0000-00-00 00:00:00,0000-00-00 00:00:00
1080,8741,0000-00-00 00:00:00,0000-00-00 00:00:00
1081,8721,0000-00-00 00:00:00,0000-00-00 00:00:00
1082,8720,0000-00-00 00:00:00,0000-00-00 00:00:00
1083,8240,0000-00-00 00:00:00,0000-00-00 00:00:00
1084,8241,0000-00-00 00:00:00,0000-00-00 00:00:00
1085,8242,0000-00-00 00:00:00,0000-00-00 00:00:00
1086,8210,0000-00-00 00:00:00,0000-00-00 00:00:00
1087,8216,0000-00-00 00:00:00,0000-00-00 00:00:00
1088,8212,0000-00-00 00:00:00,0000-00-00 00:00:00
1089,8213,0000-00-00 00:00:00,0000-00-00 00:00:00
1090,8215,0000-00-00 00:00:00,0000-00-00 00:00:00
1091,8211,0000-00-00 00:00:00,0000-00-00 00:00:00
